"Группа ""Общая"" / Приморский край",9 Sep,10 Oct
доставка еды артем приморский край,44,-
бесплатная доставка еды,-,-
доставка еды на неделю,-,-
доставка готовой еды на дом,-,-
кафе с доставкой еды на дом,-,-
доставка хлеба из пекарни,28,23
заказать еду с доставкой на дом,-,-
артем приморский край доставка еды на дом,34,34
доставка домашней еды,-,-
доставка комплексов еды,-,-
заказать еду недорого с доставкой,-,-
доставка еды на вынос,-,-
доставка еды на день рождения,-,-
бесплатная доставка еды на дом,-,-
заказать еду на дом бесплатная доставка,-,-
где можно заказать еду с доставкой,-,-
доставка еды хлеб,40,19
доставка готовой еды на неделю на дом,-,-
тандыр доставка еды,6,5
доставка еды г артем,41,25
доставка еды меню,-,-
доставка еды цена,-,-
дешевая доставка еды,-,-
доставка еды город артем,31,24
заказать еду с доставкой в артеме,25,13
сайт доставки еды,-,-
доставка еды на дом недорого,-,-
еда на заказ с доставкой,-,-
заказ доставки еды на дом,-,-
доставка шашлыка артем,-,74
осетинские пироги доставка,-,-
восточная кухня доставка,-,-
доставка на дом восточная кухня,-,-
доставка еды,-,-
доставка еды приморский край,-,-
доставка еды на дом,-,-
телефон доставки еды,-,-
номер доставки еды,-,-
доставка еды кухня,-,-
кафе с доставкой еды,-,-
доставка еды из магазина,-,-
где заказать еду с доставкой,-,-
заказать доставку еды из магазина,-,-
купить еду с доставкой,-,-
доставка еды ланч,-,-
заказать еду бесплатная доставка,-,-
бесплатная доставка еды из магазинов,-,-
доставка еды бизнес ланч,-,-
где заказать доставку еды на дом,-,-
заказ еды на дом,-,-
заказ еды онлайн,-,-
заказ еды артем приморский край,43,57
заказ еды на вынос,-,-
заказ еды на дом недорого,-,-
тандыр заказ еды,7,-
сайт заказа еды на дом,-,-
заказ еды на день рождения,-,-
заказ еды в офис,-,-
заказ еды на дом шашлык,-,-
заказ еды шашлык,-,-
заказ еды,-,-
кафе заказ еды,-,-
заказать еду на день рождения,-,-
где заказать еду на день рождения домой,-,-
заказать пироги,85,88
заказать еду на вынос,-,-
где можно заказать вкусную еду,-,-
заказать готовую еду на неделю,-,-
заказать еду на неделю,-,-
заказать еду на дом недорого,-,-
где заказать еду онлайн,-,-
где заказать пироги,-,-
сладкие пироги заказать,-,-
где можно заказать пирог,-,-
заказать еду в артеме на дом,31,-
где можно заказать обед,-,-
заказать еду в больницу,-,-
заказать еду на дом цены,-,-
где можно заказать еду на вынос,-,-
где заказать еду на вынос,-,-
заказать еду на дом,-,-
где можно заказать еду на дом,-,-
заказать шашлык артем,31,44
осетинские пироги заказать,-,-
заказать еду город артем,96,-
заказать еду шашлык,-,-
где можно заказать еду,-,-
кафе заказать еду,-,-
заказать еду на дом бесплатно,-,-
артемов хлеб,-,-
артем хлеб,6,3
хлеб из тандыра артем,1,1
хлеб пекарня,-,51
хлеб из тандыра,1,1
хлеб из тандыра меню,1,1
хлеб из тандыра артем автовокзал,4,-
хлеб из тандыра купить,16,-
хлеб из тандыра официальный сайт,1,-
хлеб из тандыра сайт,1,1
хлеб из тандыра адреса,3,2
пекарня магазин хлеба,-,78
дом хлеба пекарня,-,-
пекарня хлеб в городе,11,10
булочная пекарня хлеб,-,-
выпечка пекарня хлеб,43,44
пекарня хлеб из тандыра,1,1
продажа хлеба пекарня,-,-
хлеб из тандыра артем меню,1,1
кафе пекарня хлеб,9,-
пекарня хлеб сайт,13,-
пекарня хлеба официальный сайт,36,27
артем завтраки,6,3
салат артем,8,-
суп артем,1,1
пекарня артем,8,4
шашлык артем,-,-
шашлык город артем,25,-
мангал артем шашлык,-,-
осетинские пироги,-,-
осетинский пирог с мясом,-,54
осетинский пирог с сыром,-,-
осетинский пирог с сыром и картофелем,-,-
осетинский пирог с картофелем,-,65
пироги купить,-,-
меню восточной кухни,-,-
