"Группа ""Доставка еды"" / Тюмень";8 Dec;9 Jan
бизнес ланч тюмень;-;59
бизнес ланч тюмень доставка -заказывать;-;-
бизнес ланч меню -тюмень;-;-
тюмень бизнес ланч меню;50;54
бизнес ланч с доставкой -дом -тюмень -офис -заказывать;-;-
кафе бизнес ланч -тюмень;-;-
рестораны тюмень бизнес ланч;49;58
бизнес ланч официальный сайт -тюмень;-;-
сайт бизнес ланч -официальный;90;-
бизнес ланч тюмень официальный сайт;42;43
бизнес ланч экспресс -пицца;-;-
пицца бизнес ланч -экспресс;51;-
пицца экспресс бизнес ланч;-;-
кафе бизнес ланч тюмень;-;64
заказать бизнес ланч -доставка;-;-
бизнес ланч цена;64;97
бизнес ланч в ресторане -тюмень;-;-
заказать бизнес ланч с доставкой -тюмень;-;-
заказать бизнес ланч с доставкой тюмень;-;50
бизнес ланч ассорти;-;-
салаты на бизнес ланч;-;-
где бизнес ланч;-;-
бизнес ланч сегодня;-;-
лучшие бизнес ланчи;-;-
бизнес ланчи с доставкой в офис;98;75
недорогой бизнес ланч;-;-
обед бизнес ланч;88;-
бизнес ланч доставка на дом;87;83
вкусно покушать -тюмень -недорого -где;-;-
где вкусно покушать -недорого -тюмень -можно;-;-
вкусно покушать тюмень -ряд -где -недорого;-;-
вкусно недорого покушать -где -тюмень;-;-
где вкусно покушать в тюмени -недорого;54;67
где вкусно и недорого покушать -тюмень;-;-
вкусно и недорого покушать в тюмени -где;-;52
где можно вкусно покушать;-;-
где покушать в тюмени вкусно и недорого;52;70
покушать в тюмени вкусно рядом;-;-
обеды тюмень;57;75
вкусный обед;-;-
доставка обедов тюмень;39;48
обед в офис тюмень;93;64
обеды в офис с доставкой тюмень;63;60
заказать обед тюмень;52;48
комплексные обеды тюмень;-;59
заказать обед с доставкой тюмень;45;47
комплексные обеды с доставкой тюмень;-;50
пообедать в тюмени;-;81
где пообедать в тюмени;71;-
поужинать тюмень;-;-
где поужинать в тюмени;57;89
куда сходить поужинать в тюмени;78;-
доставка обедов -офис -комплексный -заказывать -горячий -дом;-;-
доставка обедов в офис -тюмень;-;-
комплексные обеды с доставкой;-;67
заказать обед с доставкой -тюмень;-;-
доставка обедов в офис тюмень;73;51
доставка горячих обедов -тюмень;-;-
доставка горячих обедов тюмень;64;61
обед с доставкой на дом;69;73
доставка еды тюмень;-;33
доставка еды;32;74
еда 72 тюмень доставка;-;-
заказ еды тюмень с доставкой;62;65
доставка еды на дом тюмень;-;32
доставка еды на дом;-;64
заказать еду с доставкой;33;35
еда на заказ с доставкой;62;98
доставка еды тюмень недорого;60;70
заказ доставки еды на дом;66;78
заказать доставку еды на дом;-;25
заказать еду с доставкой тюмень;62;67
доставка готовой еды;-;-
заказ еды тюмень с доставкой на дом;49;34
доставка еды меню;-;23
доставка вкусной еды;21;29
доставка еды в офис;-;-
доставка шашлыка -тюмень -дом -заказ -еда;-;-
заказать шашлык с доставкой;-;65
заказать шашлык в тюмени с доставкой;-;26
доставка шашлыка на дом;60;72
шашлык на вынос тюмень;-;-
поесть шашлык;81;-
где поесть шашлык;-;56
пироги тюмень доставка -заказ -заказывать;-;-
заказ пирогов в тюмени с доставкой;27;27
заказать пироги в тюмени с доставкой;28;24
пироги с доставкой -тюмень;-;-
пироги на заказ с доставкой;-;-
заказать пироги с доставкой;19;26
пироги заказ с доставкой недорого;18;25
где заказать пироги с доставкой;28;27
пироги на заказ с доставкой тюмень;28;28
заказать пироги;-;22
заказать пироги в тюмени;29;26
где заказать пироги;-;34
где заказать пироги тюмень;26;33
манты доставка -тюмень -заказывать;-;-
манты тюмень доставка;9;8
заказать манты с доставкой;8;8
доставка мантов -тюмень -заказывать;-;-
заказать манты -доставка -дом -хинкали;-;-
манты заказать на дом;8;7
заказать манты и хинкали;15;12
заказать плов -доставка -дом -где;-;-
заказать плов с доставкой -тюмень;-;-
заказать плов с доставкой тюмень;-;18
заказать плов на дом;-;20
где заказать плов -тюмень;-;-
где в тюмени заказать плов;-;49
плов доставка -заказывать -тюмень;-;-
плов тюмень доставка -заказывать;-;-
шашлык доставка тюмень;-;29
шашлык на заказ с доставкой;96;73
доставка еды шашлык;-;77
заказать шашлык -тюмень;-;-
заказать шашлык в тюмени;-;33
;;
"Группа ""Роллы"" / Тюмень";8 Dec;9 Jan
роллы тюмень;51;60
роллы доставка;-;63
роллы тюмень доставка;51;59
суши роллы;-;-
мзаказать роллы;46;75
суши роллы тюмень;49;100
заказать роллы в тюмени;27;59
суши роллы доставка;-;-
роллы тюмень недорого;69;75
заказать роллы с доставкой;57;65
запеченные роллы;-;-
суши роллы заказать;52;-
роллы филадельфия;-;-
доставка роллов на дом;57;93
заказать суши роллы тюмень;57;66
заказать роллы на дом;-;-
заказать роллы на дом тюмень;69;76
большой сет тюмень;-;-
заказать сет суши тюмень;-;42
заказать сет суши тюмень доставка;38;42
заказать сет тюмень;43;42
наборы сетов тюмень;28;31
наборы суши тюмень сеты;24;29
недорогие сеты роллы тюмень;-;39
роллы сеты заказать тюмень;38;40
роллы тюмень недорого сеты доставка;-;65
сет акции тюмень;-;-
сет роллов тюмень;41;42
сет тюмень;-;-
сет филадельфия тюмень;7;9
сеты купить тюмень;-;-
сеты недорого тюмень;-;-
сеты роллов тюмень акции;45;65
сеты роллы доставка тюмень;70;43
сеты тюмень дешево;-;-
сеты тюмень доставка;81;-
сеты тюмень круглосуточно;-;-
суши доставка акция на сеты тюмень;-;-
суши сет тюмень;-;-
суши тюмень акции на сеты;-;64
суши тюмень доставка круглосуточно недорого сеты;68;82
суши тюмень недорого сеты;-;35
суши тюмень недорого сеты доставка;-;68
суши тюмень недорого сеты доставка бесплатно;-;60
суши тюмень сеты доставка;45;45
тюмень сеты недорого доставка;-;-
;;
"Группа ""Супы"" / Тюмень";8 Dec;9 Jan
заказать суп;15;15
заказать суп тюмень;20;25
заказать суп с доставкой;16;19
заказать суп на дом;19;69
заказать суп с доставкой на дом тюмень;25;24
заказать суп с доставкой на дом;21;19
заказать еду супы на дом;-;39
супы заказать еду;13;18
заказать лагман;61;86
заказать лагман на дом;78;-
заказать шурпу;-;-
;;
"Группа ""Выпечка"" / Тюмень";8 Dec;9 Jan
заказать хачапури;-;-
хачапури заказать тюмень;90;-
хачапури заказать с доставкой;63;88
заказать хачапури с доставкой тюмень;79;70
выпечка доставка;29;34
доставка выпечки тюмень;83;25
заказать хачапури на дом;-;-
хачапури по аджарски заказать;-;-
заказать выпечку;-;46
хачапури по аджарски заказать на дом;-;-
выпечка и кулинария доставка;-;-
купить выпечку с доставкой;-;-
доставка выпечки на дом;40;65
;;
"Группа ""Пицца"" / Тюмень";8 Dec;9 Jan
пицца тюмень;59;87
пицца с доставкой;-;21
пицца тюмень с доставкой;-;61
заказать пиццу с доставкой;57;26
доставка пиццы на дом;-;94
бесплатная доставка пиццы;-;79
бесплатная доставка пиццы тюмень;89;69
доставка пиццы тюмень недорого;47;87
пицца недорого с доставкой;47;68
заказать пиццу с доставкой на дом;-;89
заказать доставку пиццы недорого;92;60
заказ пиццы с доставкой;48;65
суши пицца доставка;48;-
заказать пиццу в тюмени с доставкой недорого;81;86
заказать пиццу с бесплатной доставкой;86;88
пицца роллы доставка;60;-
телефон доставки пиццы;-;-
доставка пиццы на дом недорого;-;-
пицца доставка тюмень недорого на дом;47;76
суши пицца тюмень доставка;-;99
;;
"Группа ""Горячие блюда"" / Тюмень";8 Dec;9 Jan
заказать плов;-;89
заказать плов тюмень;-;18
заказать манты;8;8
заказать плов с доставкой;-;23
заказать плов на дом;-;20
заказать плов с доставкой тюмень;-;18
бешбармак тюмень заказать;5;5
заказать бешбармак;3;5
доставка горячих блюд;22;26
бешбармак заказать с доставкой;4;5
где заказать манты;11;9
заказать манты с доставкой;8;8
доставка горячих блюд на дом;23;23
;;
"Группа ""Пироги"" / Тюмень";8 Dec;9 Jan
пироги тюмень доставка;28;29
пироги с доставкой;10;21
пироги на заказ с доставкой;-;-
заказать пироги с доставкой;19;26
заказать пироги в тюмени с доставкой;28;24
пироги недорого с доставкой;18;21
пироги в тюмени с доставкой недорого;25;28
заказ пирогов недорого с доставкой;21;24
тюмень доставка пирогов на дом;27;29
пироги с доставкой на дом;25;24
заказ пирогов с доставкой на дом;25;25
вкусные пироги тюмень доставка;27;28
где заказать пироги в тюмени с доставкой;30;35
где заказать пироги с доставкой;28;27
доставка пирогов сайт;18;19
купить пироги с доставкой;23;24
пицца пироги доставка;25;34
вкусные пироги с доставкой;14;26
купить пироги в тюмени с доставкой;30;25
вкусные пироги заказать с доставкой;27;26
;;
"Группа ""Полуфабрикаты"" / Тюмень";8 Dec;9 Jan
полуфабрикаты;-;-
полуфабрикаты тюмень;14;13
производство полуфабрикатов;-;-
замороженные полуфабрикаты;-;-
продукция полуфабрикатов;-;-
полуфабрикаты купить;61;98
готовые полуфабрикаты;-;11
магазин полуфабрикатов;58;68
полуфабрикаты тюмень купить;15;13
сырье полуфабрикаты готовая продукция;-;-
манты полуфабрикаты;5;9
вареники полуфабрикат;-;-
полуфабрикаты пельмени;-;-
полуфабрикаты заказать;7;10
;;
"Группа ""Мангал"" / Тюмень";8 Dec;9 Jan
шашлык доставка;64;72
заказать шашлык с доставкой;-;65
люля кебаб на мангале;-;-
овощи на мангале;-;-
доставка шашлыка меню;-;22
шашлык с доставкой на дом;68;28
люля кебаб из фарша на мангале;-;-
шашлыков тюмень доставка на дом меню;-;44
шашлык с доставкой недорого;-;30
шашлык доставка цена;-;62
заказать шашлыки недорого с доставкой;-;34
заказать шашлык с доставкой на дом;54;26
доставка на дом шашлык цена;-;26
тюмень заказать шашлык с доставкой на дом;25;23
доставка шашлыка в тюмени на дом;22;23
овощи на решетке на мангале;-;-
овощи на гриле на мангале;-;-
доставка шашлыка тюмень недорого на дом;-;27
купить шашлык с доставкой;60;-
где заказать шашлык с доставкой;87;81
заказ шашлыка с доставкой на дом;64;26
люля кебаб из курицы на мангале;-;-
люля кебаб на шампурах на мангале;-;-
люля кебаб купить тюмень;-;19
бизнес ланч тюмень шашлыки;37;48
вкусный шашлык в тюмени;49;67
вкусный шашлык в тюмени доставка;-;34
вкусный шашлык в тюмени кафе;54;57
где заказать шашлык тюмень;48;34
где купить шашлыки тюмень;84;75
где поесть шашлык в тюмени;56;96
где тюмени вкусные и недорогие шашлыки;45;74
готовый шашлык тюмень;72;61
доставка шашлыка тюмень;-;24
доставка шашлыка тюмень недорого;-;28
еда шашлык доставка тюмень;-;31
заказ шашлыка в тюмени;-;30
заказ шашлыка в тюмени на дом;-;25
заказать шашлык в тюмени;-;33
заказать шашлык в тюмени с доставкой;-;26
заказать шашлык в тюмени с доставкой круглосуточно;-;35
заказать шашлык в тюмени с доставкой недорого;-;26
заказать шашлык на дом тюмень;-;23
заказать шашлык тюмень круглосуточно;-;40
заказать шашлык тюмень недорого;55;68
купить шашлык в тюмени с доставкой;-;29
лучшие шашлыки в тюмени с доставкой;54;94
лучший шашлык в тюмени;-;-
номер шашлыков тюмень;-;-
поесть шашлык в тюмени;54;59
самый вкусный шашлык в тюмени;53;92
тюмень где вкусный шашлык;56;77
тюмень шашлык на углях;38;65
тюмень шашлык с доставкой заказать на дом;-;24
шашлык в тюмени где;51;95
шашлык на вынос тюмень;-;-
шашлык на заказ с доставкой тюмень;-;25
шашлык с доставкой на дом тюмень;-;23
шашлык баранина тюмень;-;70
шашлык доставка тюмень дешево;21;23
шашлык купить тюмень;45;29
шашлык купить тюмень недорого;47;24
шашлык тюмень дешево;62;29
шашлык тюмень доставка на дом недорого;-;24
шашлык тюмень меню доставки;22;23
шашлык тюмень недорого;41;63
шашлык цена тюмень;41;67
шашлыки на дом номер телефона тюмень;-;-
шашлыки на дом тюмень;-;29
